"LOCATION","INDICATOR","SUBJECT","MEASURE","FREQUENCY","TIME","Value","Flag Codes"
"AUS","HEALTHEXP","TOT","USD_CAP","A","2000",2153.657,"D"
"AUS","HEALTHEXP","TOT","USD_CAP","A","2001",2289.34,"D"
"AUS","HEALTHEXP","TOT","USD_CAP","A","2002",2481.046,"D"
"AUS","HEALTHEXP","TOT","USD_CAP","A","2003",2577.124,"D"
"AUS","HEALTHEXP","TOT","USD_CAP","A","2004",2816.707,"D"
"AUS","HEALTHEXP","TOT","USD_CAP","A","2005",2872.44,"D"
"AUS","HEALTHEXP","TOT","USD_CAP","A","2006",2995.079,"D"
"AUS","HEALTHEXP","TOT","USD_CAP","A","2007",3197.667,"D"
"AUS","HEALTHEXP","TOT","USD_CAP","A","2008",3350.144,"D"
"AUS","HEALTHEXP","TOT","USD_CAP","A","2009",3421.888,"D"
"AUS","HEALTHEXP","TOT","USD_CAP","A","2010",3595.111,"D"
"AUS","HEALTHEXP","TOT","USD_CAP","A","2011",3809.112,"D"
"AUS","HEALTHEXP","TOT","USD_CAP","A","2012",3854.19,"D"
"AUS","HEALTHEXP","TOT","USD_CAP","A","2013",4092.619,"D"
"AUS","HEALTHEXP","TOT","USD_CAP","A","2014",4190.269,"D"
"AUS","HEALTHEXP","TOT","USD_CAP","A","2015",4380.985,"D"
"AUS","HEALTHEXP","TOT","USD_CAP","A","2016",4605.95,
"AUS","HEALTHEXP","TOT","USD_CAP","A","2017",4710.617,"D"
"AUS","HEALTHEXP","TOT","USD_CAP","A","2018",4964.533,"E"
"AUS","HEALTHEXP","TOT","USD_CAP","A","2019",5187.419,"E"
"AUT","HEALTHEXP","TOT","USD_CAP","A","2000",2802.576,
"AUT","HEALTHEXP","TOT","USD_CAP","A","2001",2857.586,
"AUT","HEALTHEXP","TOT","USD_CAP","A","2002",3101.021,
"AUT","HEALTHEXP","TOT","USD_CAP","A","2003",3197.727,
"AUT","HEALTHEXP","TOT","USD_CAP","A","2004",3410.897,"B"
"AUT","HEALTHEXP","TOT","USD_CAP","A","2005",3475.868,
"AUT","HEALTHEXP","TOT","USD_CAP","A","2006",3632.273,
"AUT","HEALTHEXP","TOT","USD_CAP","A","2007",3794.212,
"AUT","HEALTHEXP","TOT","USD_CAP","A","2008",4009.307,
"AUT","HEALTHEXP","TOT","USD_CAP","A","2009",4100.013,
"AUT","HEALTHEXP","TOT","USD_CAP","A","2010",4257.13,
"AUT","HEALTHEXP","TOT","USD_CAP","A","2011",4345.158,
"AUT","HEALTHEXP","TOT","USD_CAP","A","2012",4588.344,
"AUT","HEALTHEXP","TOT","USD_CAP","A","2013",4767.083,
"AUT","HEALTHEXP","TOT","USD_CAP","A","2014",4858.332,
"AUT","HEALTHEXP","TOT","USD_CAP","A","2015",4944.771,
"AUT","HEALTHEXP","TOT","USD_CAP","A","2016",5195.36,
"AUT","HEALTHEXP","TOT","USD_CAP","A","2017",5360.423,
"AUT","HEALTHEXP","TOT","USD_CAP","A","2018",5538.347,
"AUT","HEALTHEXP","TOT","USD_CAP","A","2019",5851.055,"P"
"BEL","HEALTHEXP","TOT","USD_CAP","A","2000",2297.099,
"BEL","HEALTHEXP","TOT","USD_CAP","A","2001",2402.964,
"BEL","HEALTHEXP","TOT","USD_CAP","A","2002",2644.145,
"BEL","HEALTHEXP","TOT","USD_CAP","A","2003",2916.23,"B"
"BEL","HEALTHEXP","TOT","USD_CAP","A","2004",3098.906,
"BEL","HEALTHEXP","TOT","USD_CAP","A","2005",3117.11,
"BEL","HEALTHEXP","TOT","USD_CAP","A","2006",3204.37,
"BEL","HEALTHEXP","TOT","USD_CAP","A","2007",3317.482,
"BEL","HEALTHEXP","TOT","USD_CAP","A","2008",3558.844,
"BEL","HEALTHEXP","TOT","USD_CAP","A","2009",3732.587,
"BEL","HEALTHEXP","TOT","USD_CAP","A","2010",3918.806,
"BEL","HEALTHEXP","TOT","USD_CAP","A","2011",4065.141,
"BEL","HEALTHEXP","TOT","USD_CAP","A","2012",4244.042,
"BEL","HEALTHEXP","TOT","USD_CAP","A","2013",4436.018,
"BEL","HEALTHEXP","TOT","USD_CAP","A","2014",4521.513,
"BEL","HEALTHEXP","TOT","USD_CAP","A","2015",4653.813,
"BEL","HEALTHEXP","TOT","USD_CAP","A","2016",4777.091,
"BEL","HEALTHEXP","TOT","USD_CAP","A","2017",5013.987,
"BEL","HEALTHEXP","TOT","USD_CAP","A","2018",5103.2,
"BEL","HEALTHEXP","TOT","USD_CAP","A","2019",5427.957,"E"
"CAN","HEALTHEXP","TOT","USD_CAP","A","2000",2450.973,
"CAN","HEALTHEXP","TOT","USD_CAP","A","2001",2622.755,
"CAN","HEALTHEXP","TOT","USD_CAP","A","2002",2758.065,
"CAN","HEALTHEXP","TOT","USD_CAP","A","2003",2912.529,
"CAN","HEALTHEXP","TOT","USD_CAP","A","2004",3120.815,
"CAN","HEALTHEXP","TOT","USD_CAP","A","2005",3291.912,
"CAN","HEALTHEXP","TOT","USD_CAP","A","2006",3475.819,
"CAN","HEALTHEXP","TOT","USD_CAP","A","2007",3694.533,
"CAN","HEALTHEXP","TOT","USD_CAP","A","2008",3836.376,
"CAN","HEALTHEXP","TOT","USD_CAP","A","2009",3937.342,
"CAN","HEALTHEXP","TOT","USD_CAP","A","2010",4140.635,
"CAN","HEALTHEXP","TOT","USD_CAP","A","2011",4191.22,
"CAN","HEALTHEXP","TOT","USD_CAP","A","2012",4300.728,
"CAN","HEALTHEXP","TOT","USD_CAP","A","2013",4397.184,
"CAN","HEALTHEXP","TOT","USD_CAP","A","2014",4533.3,
"CAN","HEALTHEXP","TOT","USD_CAP","A","2015",4610.167,
"CAN","HEALTHEXP","TOT","USD_CAP","A","2016",5020.598,
"CAN","HEALTHEXP","TOT","USD_CAP","A","2017",5155.347,
"CAN","HEALTHEXP","TOT","USD_CAP","A","2018",5287.406,"P"
"CAN","HEALTHEXP","TOT","USD_CAP","A","2019",5418.383,"P"
"CZE","HEALTHEXP","TOT","USD_CAP","A","2000",1025.538,"B"
"CZE","HEALTHEXP","TOT","USD_CAP","A","2001",1159.644,
"CZE","HEALTHEXP","TOT","USD_CAP","A","2002",1267.68,
"CZE","HEALTHEXP","TOT","USD_CAP","A","2003",1393.704,"B"
"CZE","HEALTHEXP","TOT","USD_CAP","A","2004",1464.026,
"CZE","HEALTHEXP","TOT","USD_CAP","A","2005",1523.395,
"CZE","HEALTHEXP","TOT","USD_CAP","A","2006",1559.038,
"CZE","HEALTHEXP","TOT","USD_CAP","A","2007",1659.864,
"CZE","HEALTHEXP","TOT","USD_CAP","A","2008",1822.937,
"CZE","HEALTHEXP","TOT","USD_CAP","A","2009",2053.686,
"CZE","HEALTHEXP","TOT","USD_CAP","A","2010",2001.083,
"CZE","HEALTHEXP","TOT","USD_CAP","A","2011",2041.899,
"CZE","HEALTHEXP","TOT","USD_CAP","A","2012",2090.485,
"CZE","HEALTHEXP","TOT","USD_CAP","A","2013",2448.529,"B"
"CZE","HEALTHEXP","TOT","USD_CAP","A","2014",2564.609,
"CZE","HEALTHEXP","TOT","USD_CAP","A","2015",2545.511,
"CZE","HEALTHEXP","TOT","USD_CAP","A","2016",2670.883,
"CZE","HEALTHEXP","TOT","USD_CAP","A","2017",2891.435,
"CZE","HEALTHEXP","TOT","USD_CAP","A","2018",3170.668,
"CZE","HEALTHEXP","TOT","USD_CAP","A","2019",3427.91,"E"
"DNK","HEALTHEXP","TOT","USD_CAP","A","2000",2344.604,
"DNK","HEALTHEXP","TOT","USD_CAP","A","2001",2471.029,
"DNK","HEALTHEXP","TOT","USD_CAP","A","2002",2711.668,
"DNK","HEALTHEXP","TOT","USD_CAP","A","2003",2722.874,"B"
"DNK","HEALTHEXP","TOT","USD_CAP","A","2004",2920.579,
"DNK","HEALTHEXP","TOT","USD_CAP","A","2005",3014.982,
"DNK","HEALTHEXP","TOT","USD_CAP","A","2006",3286.802,
"DNK","HEALTHEXP","TOT","USD_CAP","A","2007",3561.743,
"DNK","HEALTHEXP","TOT","USD_CAP","A","2008",3777.707,
"DNK","HEALTHEXP","TOT","USD_CAP","A","2009",4025.779,
"DNK","HEALTHEXP","TOT","USD_CAP","A","2010",4159.966,"B"
"DNK","HEALTHEXP","TOT","USD_CAP","A","2011",4169.775,
"DNK","HEALTHEXP","TOT","USD_CAP","A","2012",4315.127,
"DNK","HEALTHEXP","TOT","USD_CAP","A","2013",4455.751,
"DNK","HEALTHEXP","TOT","USD_CAP","A","2014",4536.239,
"DNK","HEALTHEXP","TOT","USD_CAP","A","2015",4674.496,
"DNK","HEALTHEXP","TOT","USD_CAP","A","2016",4849.601,
"DNK","HEALTHEXP","TOT","USD_CAP","A","2017",5107.207,
"DNK","HEALTHEXP","TOT","USD_CAP","A","2018",5294.51,
"DNK","HEALTHEXP","TOT","USD_CAP","A","2019",5567.899,"E"
"FIN","HEALTHEXP","TOT","USD_CAP","A","2000",1875.96,
"FIN","HEALTHEXP","TOT","USD_CAP","A","2001",1981.235,
"FIN","HEALTHEXP","TOT","USD_CAP","A","2002",2201.215,
"FIN","HEALTHEXP","TOT","USD_CAP","A","2003",2276.893,
"FIN","HEALTHEXP","TOT","USD_CAP","A","2004",2478.656,
"FIN","HEALTHEXP","TOT","USD_CAP","A","2005",2573.5,
"FIN","HEALTHEXP","TOT","USD_CAP","A","2006",2750.648,
"FIN","HEALTHEXP","TOT","USD_CAP","A","2007",3003.799,
"FIN","HEALTHEXP","TOT","USD_CAP","A","2008",3243.775,
"FIN","HEALTHEXP","TOT","USD_CAP","A","2009",3289.32,
"FIN","HEALTHEXP","TOT","USD_CAP","A","2010",3425.832,
"FIN","HEALTHEXP","TOT","USD_CAP","A","2011",3598.302,
"FIN","HEALTHEXP","TOT","USD_CAP","A","2012",3786.188,
"FIN","HEALTHEXP","TOT","USD_CAP","A","2013",3933.236,
"FIN","HEALTHEXP","TOT","USD_CAP","A","2014",3955.755,
"FIN","HEALTHEXP","TOT","USD_CAP","A","2015",3993.509,"B"
"FIN","HEALTHEXP","TOT","USD_CAP","A","2016",4103.423,
"FIN","HEALTHEXP","TOT","USD_CAP","A","2017",4221.84,
"FIN","HEALTHEXP","TOT","USD_CAP","A","2018",4331.459,
"FIN","HEALTHEXP","TOT","USD_CAP","A","2019",4578.42,"E"
"FRA","HEALTHEXP","TOT","USD_CAP","A","2000",2686.258,
"FRA","HEALTHEXP","TOT","USD_CAP","A","2001",2873.796,
"FRA","HEALTHEXP","TOT","USD_CAP","A","2002",3152.016,
"FRA","HEALTHEXP","TOT","USD_CAP","A","2003",3056.001,"B"
"FRA","HEALTHEXP","TOT","USD_CAP","A","2004",3170.875,
"FRA","HEALTHEXP","TOT","USD_CAP","A","2005",3264.574,
"FRA","HEALTHEXP","TOT","USD_CAP","A","2006",3444.784,"B"
"FRA","HEALTHEXP","TOT","USD_CAP","A","2007",3592.22,
"FRA","HEALTHEXP","TOT","USD_CAP","A","2008",3733.357,
"FRA","HEALTHEXP","TOT","USD_CAP","A","2009",3893.296,
"FRA","HEALTHEXP","TOT","USD_CAP","A","2010",4048.526,
"FRA","HEALTHEXP","TOT","USD_CAP","A","2011",4167.97,
"FRA","HEALTHEXP","TOT","USD_CAP","A","2012",4305.463,
"FRA","HEALTHEXP","TOT","USD_CAP","A","2013",4557.482,
"FRA","HEALTHEXP","TOT","USD_CAP","A","2014",4645.367,
"FRA","HEALTHEXP","TOT","USD_CAP","A","2015",4678.705,
"FRA","HEALTHEXP","TOT","USD_CAP","A","2016",4934.851,
"FRA","HEALTHEXP","TOT","USD_CAP","A","2017",5056.85,
"FRA","HEALTHEXP","TOT","USD_CAP","A","2018",5154.119,
"FRA","HEALTHEXP","TOT","USD_CAP","A","2019",5375.699,"E"
"DEU","HEALTHEXP","TOT","USD_CAP","A","2000",2894.162,
"DEU","HEALTHEXP","TOT","USD_CAP","A","2001",3007.731,
"DEU","HEALTHEXP","TOT","USD_CAP","A","2002",3239.755,
"DEU","HEALTHEXP","TOT","USD_CAP","A","2003",3329.073,
"DEU","HEALTHEXP","TOT","USD_CAP","A","2004",3391.429,
"DEU","HEALTHEXP","TOT","USD_CAP","A","2005",3429.941,
"DEU","HEALTHEXP","TOT","USD_CAP","A","2006",3564.316,
"DEU","HEALTHEXP","TOT","USD_CAP","A","2007",3749.268,
"DEU","HEALTHEXP","TOT","USD_CAP","A","2008",3955.03,
"DEU","HEALTHEXP","TOT","USD_CAP","A","2009",4168.113,
"DEU","HEALTHEXP","TOT","USD_CAP","A","2010",4421.512,
"DEU","HEALTHEXP","TOT","USD_CAP","A","2011",4565.75,
"DEU","HEALTHEXP","TOT","USD_CAP","A","2012",4742.711,
"DEU","HEALTHEXP","TOT","USD_CAP","A","2013",4948.699,
"DEU","HEALTHEXP","TOT","USD_CAP","A","2014",5148.74,
"DEU","HEALTHEXP","TOT","USD_CAP","A","2015",5294.552,
"DEU","HEALTHEXP","TOT","USD_CAP","A","2016",5667.773,
"DEU","HEALTHEXP","TOT","USD_CAP","A","2017",6010.556,
"DEU","HEALTHEXP","TOT","USD_CAP","A","2018",6223.787,
"DEU","HEALTHEXP","TOT","USD_CAP","A","2019",6645.757,"P"
"GRC","HEALTHEXP","TOT","USD_CAP","A","2000",1417.745,
"GRC","HEALTHEXP","TOT","USD_CAP","A","2001",1700.042,
"GRC","HEALTHEXP","TOT","USD_CAP","A","2002",1951.129,
"GRC","HEALTHEXP","TOT","USD_CAP","A","2003",2048.478,"B"
"GRC","HEALTHEXP","TOT","USD_CAP","A","2004",2100.753,
"GRC","HEALTHEXP","TOT","USD_CAP","A","2005",2193.594,
"GRC","HEALTHEXP","TOT","USD_CAP","A","2006",2301.38,
"GRC","HEALTHEXP","TOT","USD_CAP","A","2007",2424.557,
"GRC","HEALTHEXP","TOT","USD_CAP","A","2008",2665.467,
"GRC","HEALTHEXP","TOT","USD_CAP","A","2009",2742.137,
"GRC","HEALTHEXP","TOT","USD_CAP","A","2010",2605.47,
"GRC","HEALTHEXP","TOT","USD_CAP","A","2011",2289.591,
"GRC","HEALTHEXP","TOT","USD_CAP","A","2012",2145.538,
"GRC","HEALTHEXP","TOT","USD_CAP","A","2013",2067.17,
"GRC","HEALTHEXP","TOT","USD_CAP","A","2014",2016.561,
"GRC","HEALTHEXP","TOT","USD_CAP","A","2015",2081.377,
"GRC","HEALTHEXP","TOT","USD_CAP","A","2016",2220.792,
"GRC","HEALTHEXP","TOT","USD_CAP","A","2017",2238.575,
"GRC","HEALTHEXP","TOT","USD_CAP","A","2018",2265.899,
"GRC","HEALTHEXP","TOT","USD_CAP","A","2019",2383.628,"E"
"HUN","HEALTHEXP","TOT","USD_CAP","A","2000",906.46,
"HUN","HEALTHEXP","TOT","USD_CAP","A","2001",995.513,
"HUN","HEALTHEXP","TOT","USD_CAP","A","2002",1167.234,
"HUN","HEALTHEXP","TOT","USD_CAP","A","2003",1364.745,"B"
"HUN","HEALTHEXP","TOT","USD_CAP","A","2004",1381.45,
"HUN","HEALTHEXP","TOT","USD_CAP","A","2005",1463.525,
"HUN","HEALTHEXP","TOT","USD_CAP","A","2006",1510.332,
"HUN","HEALTHEXP","TOT","USD_CAP","A","2007",1429.506,
"HUN","HEALTHEXP","TOT","USD_CAP","A","2008",1492.593,
"HUN","HEALTHEXP","TOT","USD_CAP","A","2009",1496.169,
"HUN","HEALTHEXP","TOT","USD_CAP","A","2010",1665.483,
"HUN","HEALTHEXP","TOT","USD_CAP","A","2011",1755.527,
"HUN","HEALTHEXP","TOT","USD_CAP","A","2012",1766.535,
"HUN","HEALTHEXP","TOT","USD_CAP","A","2013",1821.58,
"HUN","HEALTHEXP","TOT","USD_CAP","A","2014",1863.754,
"HUN","HEALTHEXP","TOT","USD_CAP","A","2015",1891.727,
"HUN","HEALTHEXP","TOT","USD_CAP","A","2016",1999.618,
"HUN","HEALTHEXP","TOT","USD_CAP","A","2017",2029.307,
"HUN","HEALTHEXP","TOT","USD_CAP","A","2018",2149.72,
"HUN","HEALTHEXP","TOT","USD_CAP","A","2019",2222.426,"P"
"ISL","HEALTHEXP","TOT","USD_CAP","A","2000",2666.649,
"ISL","HEALTHEXP","TOT","USD_CAP","A","2001",2759.939,
"ISL","HEALTHEXP","TOT","USD_CAP","A","2002",3077.186,
"ISL","HEALTHEXP","TOT","USD_CAP","A","2003",3181.699,
"ISL","HEALTHEXP","TOT","USD_CAP","A","2004",3312.192,"D"
"ISL","HEALTHEXP","TOT","USD_CAP","A","2005",3346.131,"D"
"ISL","HEALTHEXP","TOT","USD_CAP","A","2006",3449.669,"D"
"ISL","HEALTHEXP","TOT","USD_CAP","A","2007",3653.703,"D"
"ISL","HEALTHEXP","TOT","USD_CAP","A","2008",3682.94,"D"
"ISL","HEALTHEXP","TOT","USD_CAP","A","2009",3528.79,"D"
"ISL","HEALTHEXP","TOT","USD_CAP","A","2010",3313.077,"D"
"ISL","HEALTHEXP","TOT","USD_CAP","A","2011",3318.185,"B"
"ISL","HEALTHEXP","TOT","USD_CAP","A","2012",3398.479,
"ISL","HEALTHEXP","TOT","USD_CAP","A","2013",3497.722,
"ISL","HEALTHEXP","TOT","USD_CAP","A","2014",3599.475,
"ISL","HEALTHEXP","TOT","USD_CAP","A","2015",3735.245,
"ISL","HEALTHEXP","TOT","USD_CAP","A","2016",3931.651,
"ISL","HEALTHEXP","TOT","USD_CAP","A","2017",4166.818,
"ISL","HEALTHEXP","TOT","USD_CAP","A","2018",4419.913,
"ISL","HEALTHEXP","TOT","USD_CAP","A","2019",4811.424,"P"
"IRL","HEALTHEXP","TOT","USD_CAP","A","2000",1828.924,
"IRL","HEALTHEXP","TOT","USD_CAP","A","2001",2133.248,
"IRL","HEALTHEXP","TOT","USD_CAP","A","2002",2418.861,
"IRL","HEALTHEXP","TOT","USD_CAP","A","2003",2578.581,
"IRL","HEALTHEXP","TOT","USD_CAP","A","2004",2804.766,
"IRL","HEALTHEXP","TOT","USD_CAP","A","2005",3093.376,
"IRL","HEALTHEXP","TOT","USD_CAP","A","2006",3202.447,
"IRL","HEALTHEXP","TOT","USD_CAP","A","2007",3382.945,
"IRL","HEALTHEXP","TOT","USD_CAP","A","2008",3643.273,
"IRL","HEALTHEXP","TOT","USD_CAP","A","2009",3864.356,
"IRL","HEALTHEXP","TOT","USD_CAP","A","2010",4049.216,
"IRL","HEALTHEXP","TOT","USD_CAP","A","2011",4206.865,"B"
"IRL","HEALTHEXP","TOT","USD_CAP","A","2012",4373.285,
"IRL","HEALTHEXP","TOT","USD_CAP","A","2013",4302.337,
"IRL","HEALTHEXP","TOT","USD_CAP","A","2014",4251.482,
"IRL","HEALTHEXP","TOT","USD_CAP","A","2015",4296.886,
"IRL","HEALTHEXP","TOT","USD_CAP","A","2016",4544.695,
"IRL","HEALTHEXP","TOT","USD_CAP","A","2017",4742.979,
"IRL","HEALTHEXP","TOT","USD_CAP","A","2018",4911.848,
"IRL","HEALTHEXP","TOT","USD_CAP","A","2019",5275.543,"P"
"ITA","HEALTHEXP","TOT","USD_CAP","A","2000",2029.574,
"ITA","HEALTHEXP","TOT","USD_CAP","A","2001",2150.606,
"ITA","HEALTHEXP","TOT","USD_CAP","A","2002",2292.714,
"ITA","HEALTHEXP","TOT","USD_CAP","A","2003",2289.15,
"ITA","HEALTHEXP","TOT","USD_CAP","A","2004",2450.992,
"ITA","HEALTHEXP","TOT","USD_CAP","A","2005",2504.099,
"ITA","HEALTHEXP","TOT","USD_CAP","A","2006",2660.54,
"ITA","HEALTHEXP","TOT","USD_CAP","A","2007",2694.615,
"ITA","HEALTHEXP","TOT","USD_CAP","A","2008",2932.455,
"ITA","HEALTHEXP","TOT","USD_CAP","A","2009",2944.534,
"ITA","HEALTHEXP","TOT","USD_CAP","A","2010",3103.11,
"ITA","HEALTHEXP","TOT","USD_CAP","A","2011",3098.256,
"ITA","HEALTHEXP","TOT","USD_CAP","A","2012",3071.61,"B"
"ITA","HEALTHEXP","TOT","USD_CAP","A","2013",3042.931,
"ITA","HEALTHEXP","TOT","USD_CAP","A","2014",3036.86,
"ITA","HEALTHEXP","TOT","USD_CAP","A","2015",3089.714,
"ITA","HEALTHEXP","TOT","USD_CAP","A","2016",3273.919,
"ITA","HEALTHEXP","TOT","USD_CAP","A","2017",3399.199,
"ITA","HEALTHEXP","TOT","USD_CAP","A","2018",3484.935,
"ITA","HEALTHEXP","TOT","USD_CAP","A","2019",3649.206,"P"
"JPN","HEALTHEXP","TOT","USD_CAP","A","2000",1850.833,
"JPN","HEALTHEXP","TOT","USD_CAP","A","2001",1942.812,
"JPN","HEALTHEXP","TOT","USD_CAP","A","2002",2065.133,
"JPN","HEALTHEXP","TOT","USD_CAP","A","2003",2196.742,
"JPN","HEALTHEXP","TOT","USD_CAP","A","2004",2306.004,
"JPN","HEALTHEXP","TOT","USD_CAP","A","2005",2471.186,
"JPN","HEALTHEXP","TOT","USD_CAP","A","2006",2559.459,
"JPN","HEALTHEXP","TOT","USD_CAP","A","2007",2688.702,
"JPN","HEALTHEXP","TOT","USD_CAP","A","2008",2799.198,
"JPN","HEALTHEXP","TOT","USD_CAP","A","2009",2974.458,
"JPN","HEALTHEXP","TOT","USD_CAP","A","2010",3169.521,
"JPN","HEALTHEXP","TOT","USD_CAP","A","2011",3740.756,"B"
"JPN","HEALTHEXP","TOT","USD_CAP","A","2012",3970.765,
"JPN","HEALTHEXP","TOT","USD_CAP","A","2013",4308.252,
"JPN","HEALTHEXP","TOT","USD_CAP","A","2014",4328.364,
"JPN","HEALTHEXP","TOT","USD_CAP","A","2015",4516.862,
"JPN","HEALTHEXP","TOT","USD_CAP","A","2016",4297.128,
"JPN","HEALTHEXP","TOT","USD_CAP","A","2017",4392.905,
"JPN","HEALTHEXP","TOT","USD_CAP","A","2018",4504.425,"P"
"JPN","HEALTHEXP","TOT","USD_CAP","A","2019",4822.812,"E"
"KOR","HEALTHEXP","TOT","USD_CAP","A","2000",725.774,
"KOR","HEALTHEXP","TOT","USD_CAP","A","2001",860.333,
"KOR","HEALTHEXP","TOT","USD_CAP","A","2002",886.299,
"KOR","HEALTHEXP","TOT","USD_CAP","A","2003",973.543,
"KOR","HEALTHEXP","TOT","USD_CAP","A","2004",1032.377,
"KOR","HEALTHEXP","TOT","USD_CAP","A","2005",1134.522,
"KOR","HEALTHEXP","TOT","USD_CAP","A","2006",1277.798,
"KOR","HEALTHEXP","TOT","USD_CAP","A","2007",1433.615,
"KOR","HEALTHEXP","TOT","USD_CAP","A","2008",1556.164,
"KOR","HEALTHEXP","TOT","USD_CAP","A","2009",1686.237,
"KOR","HEALTHEXP","TOT","USD_CAP","A","2010",1878.762,
"KOR","HEALTHEXP","TOT","USD_CAP","A","2011",1966.703,
"KOR","HEALTHEXP","TOT","USD_CAP","A","2012",2071.544,
"KOR","HEALTHEXP","TOT","USD_CAP","A","2013",2128.839,
"KOR","HEALTHEXP","TOT","USD_CAP","A","2014",2231.69,
"KOR","HEALTHEXP","TOT","USD_CAP","A","2015",2490.499,
"KOR","HEALTHEXP","TOT","USD_CAP","A","2016",2660.792,
"KOR","HEALTHEXP","TOT","USD_CAP","A","2017",2809.25,
"KOR","HEALTHEXP","TOT","USD_CAP","A","2018",3085.18,
"KOR","HEALTHEXP","TOT","USD_CAP","A","2019",3384.158,"P"
"LUX","HEALTHEXP","TOT","USD_CAP","A","2000",3409.737,"B"
"LUX","HEALTHEXP","TOT","USD_CAP","A","2001",3712.502,
"LUX","HEALTHEXP","TOT","USD_CAP","A","2002",4248.808,
"LUX","HEALTHEXP","TOT","USD_CAP","A","2003",4411.173,
"LUX","HEALTHEXP","TOT","USD_CAP","A","2004",4775.922,
"LUX","HEALTHEXP","TOT","USD_CAP","A","2005",4881.401,
"LUX","HEALTHEXP","TOT","USD_CAP","A","2006",5150.267,
"LUX","HEALTHEXP","TOT","USD_CAP","A","2007",5084.628,
"LUX","HEALTHEXP","TOT","USD_CAP","A","2008",5431.112,
"LUX","HEALTHEXP","TOT","USD_CAP","A","2009",5723.837,
"LUX","HEALTHEXP","TOT","USD_CAP","A","2010",5622.639,
"LUX","HEALTHEXP","TOT","USD_CAP","A","2011",4830.517,"B"
"LUX","HEALTHEXP","TOT","USD_CAP","A","2012",4424.504,"B"
"LUX","HEALTHEXP","TOT","USD_CAP","A","2013",4636.665,
"LUX","HEALTHEXP","TOT","USD_CAP","A","2014",4707.036,
"LUX","HEALTHEXP","TOT","USD_CAP","A","2015",4693.501,
"LUX","HEALTHEXP","TOT","USD_CAP","A","2016",4864.116,
"LUX","HEALTHEXP","TOT","USD_CAP","A","2017",5012.604,
"LUX","HEALTHEXP","TOT","USD_CAP","A","2018",5216.284,
"LUX","HEALTHEXP","TOT","USD_CAP","A","2019",5558.322,"E"
"MEX","HEALTHEXP","TOT","USD_CAP","A","2000",517.3,
"MEX","HEALTHEXP","TOT","USD_CAP","A","2001",567.423,
"MEX","HEALTHEXP","TOT","USD_CAP","A","2002",600.49,
"MEX","HEALTHEXP","TOT","USD_CAP","A","2003",688.517,"B"
"MEX","HEALTHEXP","TOT","USD_CAP","A","2004",767.567,
"MEX","HEALTHEXP","TOT","USD_CAP","A","2005",771.596,
"MEX","HEALTHEXP","TOT","USD_CAP","A","2006",821.74,
"MEX","HEALTHEXP","TOT","USD_CAP","A","2007",869.968,
"MEX","HEALTHEXP","TOT","USD_CAP","A","2008",899.877,"B"
"MEX","HEALTHEXP","TOT","USD_CAP","A","2009",913.125,
"MEX","HEALTHEXP","TOT","USD_CAP","A","2010",931.359,
"MEX","HEALTHEXP","TOT","USD_CAP","A","2011",942.155,
"MEX","HEALTHEXP","TOT","USD_CAP","A","2012",1003.869,
"MEX","HEALTHEXP","TOT","USD_CAP","A","2013",1025.272,
"MEX","HEALTHEXP","TOT","USD_CAP","A","2014",998.577,
"MEX","HEALTHEXP","TOT","USD_CAP","A","2015",1067.229,
"MEX","HEALTHEXP","TOT","USD_CAP","A","2016",1084.536,"B"
"MEX","HEALTHEXP","TOT","USD_CAP","A","2017",1118.972,
"MEX","HEALTHEXP","TOT","USD_CAP","A","2018",1144.895,
"MEX","HEALTHEXP","TOT","USD_CAP","A","2019",1153.581,"E"
"NLD","HEALTHEXP","TOT","USD_CAP","A","2000",2646.178,
"NLD","HEALTHEXP","TOT","USD_CAP","A","2001",2881.585,
"NLD","HEALTHEXP","TOT","USD_CAP","A","2002",3296.964,
"NLD","HEALTHEXP","TOT","USD_CAP","A","2003",3308.579,
"NLD","HEALTHEXP","TOT","USD_CAP","A","2004",3494.654,
"NLD","HEALTHEXP","TOT","USD_CAP","A","2005",3583.454,
"NLD","HEALTHEXP","TOT","USD_CAP","A","2006",3826.969,
"NLD","HEALTHEXP","TOT","USD_CAP","A","2007",4075.338,
"NLD","HEALTHEXP","TOT","USD_CAP","A","2008",4378.383,
"NLD","HEALTHEXP","TOT","USD_CAP","A","2009",4444.22,
"NLD","HEALTHEXP","TOT","USD_CAP","A","2010",4472.608,
"NLD","HEALTHEXP","TOT","USD_CAP","A","2011",4567.357,
"NLD","HEALTHEXP","TOT","USD_CAP","A","2012",4782.366,
"NLD","HEALTHEXP","TOT","USD_CAP","A","2013",4923.877,
"NLD","HEALTHEXP","TOT","USD_CAP","A","2014",4934.583,
"NLD","HEALTHEXP","TOT","USD_CAP","A","2015",4928.366,
"NLD","HEALTHEXP","TOT","USD_CAP","A","2016",5075.476,
"NLD","HEALTHEXP","TOT","USD_CAP","A","2017",5263.825,
"NLD","HEALTHEXP","TOT","USD_CAP","A","2018",5436.287,
"NLD","HEALTHEXP","TOT","USD_CAP","A","2019",5765.098,"P"
"NZL","HEALTHEXP","TOT","USD_CAP","A","2000",1659.47,
"NZL","HEALTHEXP","TOT","USD_CAP","A","2001",1797.681,
"NZL","HEALTHEXP","TOT","USD_CAP","A","2002",1920.964,
"NZL","HEALTHEXP","TOT","USD_CAP","A","2003",1916.357,
"NZL","HEALTHEXP","TOT","USD_CAP","A","2004",2077.407,
"NZL","HEALTHEXP","TOT","USD_CAP","A","2005",2194.439,
"NZL","HEALTHEXP","TOT","USD_CAP","A","2006",2438.053,
"NZL","HEALTHEXP","TOT","USD_CAP","A","2007",2538.799,
"NZL","HEALTHEXP","TOT","USD_CAP","A","2008",2829.765,
"NZL","HEALTHEXP","TOT","USD_CAP","A","2009",2951.423,"P"
"NZL","HEALTHEXP","TOT","USD_CAP","A","2010",3044.547,"P"
"NZL","HEALTHEXP","TOT","USD_CAP","A","2011",3132.309,"P"
"NZL","HEALTHEXP","TOT","USD_CAP","A","2012",3240.034,"P"
"NZL","HEALTHEXP","TOT","USD_CAP","A","2013",3388.248,"P"
"NZL","HEALTHEXP","TOT","USD_CAP","A","2014",3500.134,"P"
"NZL","HEALTHEXP","TOT","USD_CAP","A","2015",3521.113,"P"
"NZL","HEALTHEXP","TOT","USD_CAP","A","2016",3762.696,"P"
"NZL","HEALTHEXP","TOT","USD_CAP","A","2017",3820.417,"P"
"NZL","HEALTHEXP","TOT","USD_CAP","A","2018",4024.552,"P"
"NZL","HEALTHEXP","TOT","USD_CAP","A","2019",4203.989,"E"
"NOR","HEALTHEXP","TOT","USD_CAP","A","2000",2792.453,
"NOR","HEALTHEXP","TOT","USD_CAP","A","2001",2936.822,"B"
"NOR","HEALTHEXP","TOT","USD_CAP","A","2002",3389.226,
"NOR","HEALTHEXP","TOT","USD_CAP","A","2003",3447.643,
"NOR","HEALTHEXP","TOT","USD_CAP","A","2004",3655.544,
"NOR","HEALTHEXP","TOT","USD_CAP","A","2005",3740.873,
"NOR","HEALTHEXP","TOT","USD_CAP","A","2006",3963.457,
"NOR","HEALTHEXP","TOT","USD_CAP","A","2007",4310.143,
"NOR","HEALTHEXP","TOT","USD_CAP","A","2008",4604.504,
"NOR","HEALTHEXP","TOT","USD_CAP","A","2009",4686.897,
"NOR","HEALTHEXP","TOT","USD_CAP","A","2010",4775.054,
"NOR","HEALTHEXP","TOT","USD_CAP","A","2011",4965.184,
"NOR","HEALTHEXP","TOT","USD_CAP","A","2012",5209.577,
"NOR","HEALTHEXP","TOT","USD_CAP","A","2013",5485.874,
"NOR","HEALTHEXP","TOT","USD_CAP","A","2014",5707.377,
"NOR","HEALTHEXP","TOT","USD_CAP","A","2015",5728.329,
"NOR","HEALTHEXP","TOT","USD_CAP","A","2016",5904.031,
"NOR","HEALTHEXP","TOT","USD_CAP","A","2017",6075.474,
"NOR","HEALTHEXP","TOT","USD_CAP","A","2018",6283.17,"P"
"NOR","HEALTHEXP","TOT","USD_CAP","A","2019",6646.713,"P"
"POL","HEALTHEXP","TOT","USD_CAP","A","2000",603.857,
"POL","HEALTHEXP","TOT","USD_CAP","A","2001",668.022,
"POL","HEALTHEXP","TOT","USD_CAP","A","2002",774.069,"B"
"POL","HEALTHEXP","TOT","USD_CAP","A","2003",781.512,
"POL","HEALTHEXP","TOT","USD_CAP","A","2004",837.506,
"POL","HEALTHEXP","TOT","USD_CAP","A","2005",834.605,
"POL","HEALTHEXP","TOT","USD_CAP","A","2006",902.741,
"POL","HEALTHEXP","TOT","USD_CAP","A","2007",1050.531,
"POL","HEALTHEXP","TOT","USD_CAP","A","2008",1222.748,
"POL","HEALTHEXP","TOT","USD_CAP","A","2009",1315.59,
"POL","HEALTHEXP","TOT","USD_CAP","A","2010",1422.788,"B"
"POL","HEALTHEXP","TOT","USD_CAP","A","2011",1496.615,
"POL","HEALTHEXP","TOT","USD_CAP","A","2012",1578.599,
"POL","HEALTHEXP","TOT","USD_CAP","A","2013",1670.783,
"POL","HEALTHEXP","TOT","USD_CAP","A","2014",1687.056,
"POL","HEALTHEXP","TOT","USD_CAP","A","2015",1819.343,
"POL","HEALTHEXP","TOT","USD_CAP","A","2016",1959.032,
"POL","HEALTHEXP","TOT","USD_CAP","A","2017",2075.848,
"POL","HEALTHEXP","TOT","USD_CAP","A","2018",2113.702,
"POL","HEALTHEXP","TOT","USD_CAP","A","2019",2229.601,"P"
"PRT","HEALTHEXP","TOT","USD_CAP","A","2000",1599.607,"B"
"PRT","HEALTHEXP","TOT","USD_CAP","A","2001",1665.278,
"PRT","HEALTHEXP","TOT","USD_CAP","A","2002",1792.284,
"PRT","HEALTHEXP","TOT","USD_CAP","A","2003",1876.071,
"PRT","HEALTHEXP","TOT","USD_CAP","A","2004",2035.069,
"PRT","HEALTHEXP","TOT","USD_CAP","A","2005",2135.366,
"PRT","HEALTHEXP","TOT","USD_CAP","A","2006",2186.817,
"PRT","HEALTHEXP","TOT","USD_CAP","A","2007",2253.143,
"PRT","HEALTHEXP","TOT","USD_CAP","A","2008",2386.065,
"PRT","HEALTHEXP","TOT","USD_CAP","A","2009",2457.219,
"PRT","HEALTHEXP","TOT","USD_CAP","A","2010",2528.75,
"PRT","HEALTHEXP","TOT","USD_CAP","A","2011",2408.055,
"PRT","HEALTHEXP","TOT","USD_CAP","A","2012",2345.629,
"PRT","HEALTHEXP","TOT","USD_CAP","A","2013",2417.038,
"PRT","HEALTHEXP","TOT","USD_CAP","A","2014",2450.887,
"PRT","HEALTHEXP","TOT","USD_CAP","A","2015",2540.072,
"PRT","HEALTHEXP","TOT","USD_CAP","A","2016",2822.462,"B"
"PRT","HEALTHEXP","TOT","USD_CAP","A","2017",2922.416,
"PRT","HEALTHEXP","TOT","USD_CAP","A","2018",3097.301,
"PRT","HEALTHEXP","TOT","USD_CAP","A","2019",3378.627,"P"
"SVK","HEALTHEXP","TOT","USD_CAP","A","2000",690.147,
"SVK","HEALTHEXP","TOT","USD_CAP","A","2001",758.472,
"SVK","HEALTHEXP","TOT","USD_CAP","A","2002",868.625,
"SVK","HEALTHEXP","TOT","USD_CAP","A","2003",876.501,
"SVK","HEALTHEXP","TOT","USD_CAP","A","2004",1100.622,"B"
"SVK","HEALTHEXP","TOT","USD_CAP","A","2005",1191.447,"B"
"SVK","HEALTHEXP","TOT","USD_CAP","A","2006",1341.677,
"SVK","HEALTHEXP","TOT","USD_CAP","A","2007",1583.82,
"SVK","HEALTHEXP","TOT","USD_CAP","A","2008",1687.058,"B"
"SVK","HEALTHEXP","TOT","USD_CAP","A","2009",1813.469,
"SVK","HEALTHEXP","TOT","USD_CAP","A","2010",2010.377,
"SVK","HEALTHEXP","TOT","USD_CAP","A","2011",1974.761,
"SVK","HEALTHEXP","TOT","USD_CAP","A","2012",2097.401,"B"
"SVK","HEALTHEXP","TOT","USD_CAP","A","2013",2153.698,
"SVK","HEALTHEXP","TOT","USD_CAP","A","2014",2010.11,
"SVK","HEALTHEXP","TOT","USD_CAP","A","2015",2059.654,
"SVK","HEALTHEXP","TOT","USD_CAP","A","2016",2039.544,
"SVK","HEALTHEXP","TOT","USD_CAP","A","2017",2048.386,
"SVK","HEALTHEXP","TOT","USD_CAP","A","2018",2142.079,
"SVK","HEALTHEXP","TOT","USD_CAP","A","2019",2353.645,"E"
"ESP","HEALTHEXP","TOT","USD_CAP","A","2000",1523.356,
"ESP","HEALTHEXP","TOT","USD_CAP","A","2001",1634.735,
"ESP","HEALTHEXP","TOT","USD_CAP","A","2002",1803.5,
"ESP","HEALTHEXP","TOT","USD_CAP","A","2003",2015.048,
"ESP","HEALTHEXP","TOT","USD_CAP","A","2004",2123.21,
"ESP","HEALTHEXP","TOT","USD_CAP","A","2005",2212.475,
"ESP","HEALTHEXP","TOT","USD_CAP","A","2006",2392.496,
"ESP","HEALTHEXP","TOT","USD_CAP","A","2007",2483.685,
"ESP","HEALTHEXP","TOT","USD_CAP","A","2008",2671.815,
"ESP","HEALTHEXP","TOT","USD_CAP","A","2009",2749.88,
"ESP","HEALTHEXP","TOT","USD_CAP","A","2010",2736.212,
"ESP","HEALTHEXP","TOT","USD_CAP","A","2011",2734.131,
"ESP","HEALTHEXP","TOT","USD_CAP","A","2012",2728.978,
"ESP","HEALTHEXP","TOT","USD_CAP","A","2013",2764.267,
"ESP","HEALTHEXP","TOT","USD_CAP","A","2014",2858.067,
"ESP","HEALTHEXP","TOT","USD_CAP","A","2015",3020.475,
"ESP","HEALTHEXP","TOT","USD_CAP","A","2016",3148.718,
"ESP","HEALTHEXP","TOT","USD_CAP","A","2017",3322.37,
"ESP","HEALTHEXP","TOT","USD_CAP","A","2018",3429.798,
"ESP","HEALTHEXP","TOT","USD_CAP","A","2019",3616.459,"E"
"SWE","HEALTHEXP","TOT","USD_CAP","A","2000",2195.058,
"SWE","HEALTHEXP","TOT","USD_CAP","A","2001",2397.827,"B"
"SWE","HEALTHEXP","TOT","USD_CAP","A","2002",2636.406,
"SWE","HEALTHEXP","TOT","USD_CAP","A","2003",2674.776,
"SWE","HEALTHEXP","TOT","USD_CAP","A","2004",2771.639,
"SWE","HEALTHEXP","TOT","USD_CAP","A","2005",2809.376,
"SWE","HEALTHEXP","TOT","USD_CAP","A","2006",3006.077,
"SWE","HEALTHEXP","TOT","USD_CAP","A","2007",3222.236,
"SWE","HEALTHEXP","TOT","USD_CAP","A","2008",3414.353,
"SWE","HEALTHEXP","TOT","USD_CAP","A","2009",3460.46,
"SWE","HEALTHEXP","TOT","USD_CAP","A","2010",3432.854,
"SWE","HEALTHEXP","TOT","USD_CAP","A","2011",4461.676,"B"
"SWE","HEALTHEXP","TOT","USD_CAP","A","2012",4679.801,
"SWE","HEALTHEXP","TOT","USD_CAP","A","2013",4731.449,
"SWE","HEALTHEXP","TOT","USD_CAP","A","2014",4865.571,
"SWE","HEALTHEXP","TOT","USD_CAP","A","2015",5002.138,
"SWE","HEALTHEXP","TOT","USD_CAP","A","2016",5121.772,
"SWE","HEALTHEXP","TOT","USD_CAP","A","2017",5318.124,
"SWE","HEALTHEXP","TOT","USD_CAP","A","2018",5433.728,
"SWE","HEALTHEXP","TOT","USD_CAP","A","2019",5782.292,"P"
"CHE","HEALTHEXP","TOT","USD_CAP","A","2000",3324.741,
"CHE","HEALTHEXP","TOT","USD_CAP","A","2001",3552.422,
"CHE","HEALTHEXP","TOT","USD_CAP","A","2002",3887.068,
"CHE","HEALTHEXP","TOT","USD_CAP","A","2003",3914.894,
"CHE","HEALTHEXP","TOT","USD_CAP","A","2004",4107.913,
"CHE","HEALTHEXP","TOT","USD_CAP","A","2005",4106.058,
"CHE","HEALTHEXP","TOT","USD_CAP","A","2006",4231.403,
"CHE","HEALTHEXP","TOT","USD_CAP","A","2007",4595.574,
"CHE","HEALTHEXP","TOT","USD_CAP","A","2008",4905.058,
"CHE","HEALTHEXP","TOT","USD_CAP","A","2009",5071.357,
"CHE","HEALTHEXP","TOT","USD_CAP","A","2010",5086.992,
"CHE","HEALTHEXP","TOT","USD_CAP","A","2011",5259.579,
"CHE","HEALTHEXP","TOT","USD_CAP","A","2012",5565.318,
"CHE","HEALTHEXP","TOT","USD_CAP","A","2013",5923.914,
"CHE","HEALTHEXP","TOT","USD_CAP","A","2014",6158.683,
"CHE","HEALTHEXP","TOT","USD_CAP","A","2015",6467.527,
"CHE","HEALTHEXP","TOT","USD_CAP","A","2016",6807.813,
"CHE","HEALTHEXP","TOT","USD_CAP","A","2017",7037.022,
"CHE","HEALTHEXP","TOT","USD_CAP","A","2018",7279.792,
"CHE","HEALTHEXP","TOT","USD_CAP","A","2019",7732.412,"E"
"TUR","HEALTHEXP","TOT","USD_CAP","A","2000",431.839,
"TUR","HEALTHEXP","TOT","USD_CAP","A","2001",472.595,
"TUR","HEALTHEXP","TOT","USD_CAP","A","2002",519.978,
"TUR","HEALTHEXP","TOT","USD_CAP","A","2003",509.682,
"TUR","HEALTHEXP","TOT","USD_CAP","A","2004",558.574,
"TUR","HEALTHEXP","TOT","USD_CAP","A","2005",588.128,
"TUR","HEALTHEXP","TOT","USD_CAP","A","2006",677.662,
"TUR","HEALTHEXP","TOT","USD_CAP","A","2007",733.085,
"TUR","HEALTHEXP","TOT","USD_CAP","A","2008",807.052,
"TUR","HEALTHEXP","TOT","USD_CAP","A","2009",817.024,
"TUR","HEALTHEXP","TOT","USD_CAP","A","2010",843.265,
"TUR","HEALTHEXP","TOT","USD_CAP","A","2011",888.309,
"TUR","HEALTHEXP","TOT","USD_CAP","A","2012",894.741,
"TUR","HEALTHEXP","TOT","USD_CAP","A","2013",947.74,
"TUR","HEALTHEXP","TOT","USD_CAP","A","2014",1006.772,
"TUR","HEALTHEXP","TOT","USD_CAP","A","2015",1040.373,
"TUR","HEALTHEXP","TOT","USD_CAP","A","2016",1128.718,
"TUR","HEALTHEXP","TOT","USD_CAP","A","2017",1187.518,
"TUR","HEALTHEXP","TOT","USD_CAP","A","2018",1223.568,
"TUR","HEALTHEXP","TOT","USD_CAP","A","2019",1337.174,"E"
"GBR","HEALTHEXP","TOT","USD_CAP","A","2000",1915.689,
"GBR","HEALTHEXP","TOT","USD_CAP","A","2001",2134.564,
"GBR","HEALTHEXP","TOT","USD_CAP","A","2002",2383.648,
"GBR","HEALTHEXP","TOT","USD_CAP","A","2003",2505.796,
"GBR","HEALTHEXP","TOT","USD_CAP","A","2004",2768.926,
"GBR","HEALTHEXP","TOT","USD_CAP","A","2005",2772.707,
"GBR","HEALTHEXP","TOT","USD_CAP","A","2006",2969.568,
"GBR","HEALTHEXP","TOT","USD_CAP","A","2007",3109.919,
"GBR","HEALTHEXP","TOT","USD_CAP","A","2008",3241.823,
"GBR","HEALTHEXP","TOT","USD_CAP","A","2009",3315.24,
"GBR","HEALTHEXP","TOT","USD_CAP","A","2010",3430.8,
"GBR","HEALTHEXP","TOT","USD_CAP","A","2011",3496.911,
"GBR","HEALTHEXP","TOT","USD_CAP","A","2012",3638.662,
"GBR","HEALTHEXP","TOT","USD_CAP","A","2013",3694.482,
"GBR","HEALTHEXP","TOT","USD_CAP","A","2014",3779.797,
"GBR","HEALTHEXP","TOT","USD_CAP","A","2015",3828.277,
"GBR","HEALTHEXP","TOT","USD_CAP","A","2016",3989.966,
"GBR","HEALTHEXP","TOT","USD_CAP","A","2017",4126.347,
"GBR","HEALTHEXP","TOT","USD_CAP","A","2018",4289.787,
"GBR","HEALTHEXP","TOT","USD_CAP","A","2019",4653.058,"E"
"USA","HEALTHEXP","TOT","USD_CAP","A","2000",4557.151,
"USA","HEALTHEXP","TOT","USD_CAP","A","2001",4908.715,
"USA","HEALTHEXP","TOT","USD_CAP","A","2002",5326.081,
"USA","HEALTHEXP","TOT","USD_CAP","A","2003",5735.513,
"USA","HEALTHEXP","TOT","USD_CAP","A","2004",6094.191,
"USA","HEALTHEXP","TOT","USD_CAP","A","2005",6443.258,
"USA","HEALTHEXP","TOT","USD_CAP","A","2006",6806.912,
"USA","HEALTHEXP","TOT","USD_CAP","A","2007",7157.338,
"USA","HEALTHEXP","TOT","USD_CAP","A","2008",7395.885,
"USA","HEALTHEXP","TOT","USD_CAP","A","2009",7669.631,
"USA","HEALTHEXP","TOT","USD_CAP","A","2010",7922.199,
"USA","HEALTHEXP","TOT","USD_CAP","A","2011",8131.466,
"USA","HEALTHEXP","TOT","USD_CAP","A","2012",8404.937,
"USA","HEALTHEXP","TOT","USD_CAP","A","2013",8610.599,
"USA","HEALTHEXP","TOT","USD_CAP","A","2014",9034.169,
"USA","HEALTHEXP","TOT","USD_CAP","A","2015",9498.288,
"USA","HEALTHEXP","TOT","USD_CAP","A","2016",9880.156,
"USA","HEALTHEXP","TOT","USD_CAP","A","2017",10212.748,
"USA","HEALTHEXP","TOT","USD_CAP","A","2018",10637.142,
"USA","HEALTHEXP","TOT","USD_CAP","A","2019",11071.715,"E"
"CHL","HEALTHEXP","TOT","USD_CAP","A","2000",591.302,
"CHL","HEALTHEXP","TOT","USD_CAP","A","2001",620.924,
"CHL","HEALTHEXP","TOT","USD_CAP","A","2002",652.705,
"CHL","HEALTHEXP","TOT","USD_CAP","A","2003",706.703,
"CHL","HEALTHEXP","TOT","USD_CAP","A","2004",766.566,
"CHL","HEALTHEXP","TOT","USD_CAP","A","2005",810.691,
"CHL","HEALTHEXP","TOT","USD_CAP","A","2006",959.483,
"CHL","HEALTHEXP","TOT","USD_CAP","A","2007",1060.721,
"CHL","HEALTHEXP","TOT","USD_CAP","A","2008",1129.411,
"CHL","HEALTHEXP","TOT","USD_CAP","A","2009",1310.57,
"CHL","HEALTHEXP","TOT","USD_CAP","A","2010",1254.254,
"CHL","HEALTHEXP","TOT","USD_CAP","A","2011",1355.452,
"CHL","HEALTHEXP","TOT","USD_CAP","A","2012",1485.284,
"CHL","HEALTHEXP","TOT","USD_CAP","A","2013",1658.112,
"CHL","HEALTHEXP","TOT","USD_CAP","A","2014",1754.988,
"CHL","HEALTHEXP","TOT","USD_CAP","A","2015",1841.263,
"CHL","HEALTHEXP","TOT","USD_CAP","A","2016",1857.803,
"CHL","HEALTHEXP","TOT","USD_CAP","A","2017",2029.916,
"CHL","HEALTHEXP","TOT","USD_CAP","A","2018",2125.946,
"CHL","HEALTHEXP","TOT","USD_CAP","A","2019",2159.354,"P"
"EST","HEALTHEXP","TOT","USD_CAP","A","2000",542.765,
"EST","HEALTHEXP","TOT","USD_CAP","A","2001",544.933,
"EST","HEALTHEXP","TOT","USD_CAP","A","2002",624.72,
"EST","HEALTHEXP","TOT","USD_CAP","A","2003",700.236,
"EST","HEALTHEXP","TOT","USD_CAP","A","2004",814.09,
"EST","HEALTHEXP","TOT","USD_CAP","A","2005",888.89,
"EST","HEALTHEXP","TOT","USD_CAP","A","2006",945.527,
"EST","HEALTHEXP","TOT","USD_CAP","A","2007",1137.445,
"EST","HEALTHEXP","TOT","USD_CAP","A","2008",1291.739,
"EST","HEALTHEXP","TOT","USD_CAP","A","2009",1310.698,
"EST","HEALTHEXP","TOT","USD_CAP","A","2010",1362.904,
"EST","HEALTHEXP","TOT","USD_CAP","A","2011",1403.665,
"EST","HEALTHEXP","TOT","USD_CAP","A","2012",1515.084,
"EST","HEALTHEXP","TOT","USD_CAP","A","2013",1636.092,
"EST","HEALTHEXP","TOT","USD_CAP","A","2014",1752.164,
"EST","HEALTHEXP","TOT","USD_CAP","A","2015",1868.235,
"EST","HEALTHEXP","TOT","USD_CAP","A","2016",2028.168,
"EST","HEALTHEXP","TOT","USD_CAP","A","2017",2216.541,
"EST","HEALTHEXP","TOT","USD_CAP","A","2018",2368.125,
"EST","HEALTHEXP","TOT","USD_CAP","A","2019",2578.793,"P"
"ISR","HEALTHEXP","TOT","USD_CAP","A","2000",1550.426,
"ISR","HEALTHEXP","TOT","USD_CAP","A","2001",1652.124,
"ISR","HEALTHEXP","TOT","USD_CAP","A","2002",1691.491,
"ISR","HEALTHEXP","TOT","USD_CAP","A","2003",1633.083,
"ISR","HEALTHEXP","TOT","USD_CAP","A","2004",1707.089,
"ISR","HEALTHEXP","TOT","USD_CAP","A","2005",1756.34,
"ISR","HEALTHEXP","TOT","USD_CAP","A","2006",1747.35,"B"
"ISR","HEALTHEXP","TOT","USD_CAP","A","2007",1854.414,
"ISR","HEALTHEXP","TOT","USD_CAP","A","2008",1844.723,
"ISR","HEALTHEXP","TOT","USD_CAP","A","2009",1913.688,
"ISR","HEALTHEXP","TOT","USD_CAP","A","2010",1974.504,
"ISR","HEALTHEXP","TOT","USD_CAP","A","2011",2081.778,
"ISR","HEALTHEXP","TOT","USD_CAP","A","2012",2223.345,
"ISR","HEALTHEXP","TOT","USD_CAP","A","2013",2238.455,
"ISR","HEALTHEXP","TOT","USD_CAP","A","2014",2237.584,
"ISR","HEALTHEXP","TOT","USD_CAP","A","2015",2310.568,
"ISR","HEALTHEXP","TOT","USD_CAP","A","2016",2520.292,
"ISR","HEALTHEXP","TOT","USD_CAP","A","2017",2714.664,
"ISR","HEALTHEXP","TOT","USD_CAP","A","2018",2825.783,
"ISR","HEALTHEXP","TOT","USD_CAP","A","2019",2931.934,"E"
"SVN","HEALTHEXP","TOT","USD_CAP","A","2000",1463.358,"E"
"SVN","HEALTHEXP","TOT","USD_CAP","A","2001",1553.153,"E"
"SVN","HEALTHEXP","TOT","USD_CAP","A","2002",1736.558,
"SVN","HEALTHEXP","TOT","USD_CAP","A","2003",1786.251,
"SVN","HEALTHEXP","TOT","USD_CAP","A","2004",1857.767,
"SVN","HEALTHEXP","TOT","USD_CAP","A","2005",1900.012,
"SVN","HEALTHEXP","TOT","USD_CAP","A","2006",1985.122,
"SVN","HEALTHEXP","TOT","USD_CAP","A","2007",2065.24,
"SVN","HEALTHEXP","TOT","USD_CAP","A","2008",2297.536,
"SVN","HEALTHEXP","TOT","USD_CAP","A","2009",2271.164,
"SVN","HEALTHEXP","TOT","USD_CAP","A","2010",2318.439,
"SVN","HEALTHEXP","TOT","USD_CAP","A","2011",2376.637,
"SVN","HEALTHEXP","TOT","USD_CAP","A","2012",2431.003,
"SVN","HEALTHEXP","TOT","USD_CAP","A","2013",2495.279,
"SVN","HEALTHEXP","TOT","USD_CAP","A","2014",2499.108,
"SVN","HEALTHEXP","TOT","USD_CAP","A","2015",2579.937,
"SVN","HEALTHEXP","TOT","USD_CAP","A","2016",2738.131,
"SVN","HEALTHEXP","TOT","USD_CAP","A","2017",2853.329,
"SVN","HEALTHEXP","TOT","USD_CAP","A","2018",3042.262,
"SVN","HEALTHEXP","TOT","USD_CAP","A","2019",3224.02,"P"
"COL","HEALTHEXP","TOT","USD_CAP","A","2011",803.016,
"COL","HEALTHEXP","TOT","USD_CAP","A","2012",850.274,
"COL","HEALTHEXP","TOT","USD_CAP","A","2013",938.667,
"COL","HEALTHEXP","TOT","USD_CAP","A","2014",1001.466,
"COL","HEALTHEXP","TOT","USD_CAP","A","2015",1049.827,
"COL","HEALTHEXP","TOT","USD_CAP","A","2016",1117.387,
"COL","HEALTHEXP","TOT","USD_CAP","A","2017",1155.742,
"COL","HEALTHEXP","TOT","USD_CAP","A","2018",1201.086,
"COL","HEALTHEXP","TOT","USD_CAP","A","2019",1212.604,"E"
"LVA","HEALTHEXP","TOT","USD_CAP","A","2000",463.861,"E"
"LVA","HEALTHEXP","TOT","USD_CAP","A","2001",552.168,"E"
"LVA","HEALTHEXP","TOT","USD_CAP","A","2002",630.846,"E"
"LVA","HEALTHEXP","TOT","USD_CAP","A","2003",637.55,"E"
"LVA","HEALTHEXP","TOT","USD_CAP","A","2004",796.379,
"LVA","HEALTHEXP","TOT","USD_CAP","A","2005",839.732,
"LVA","HEALTHEXP","TOT","USD_CAP","A","2006",938.093,
"LVA","HEALTHEXP","TOT","USD_CAP","A","2007",1084.409,
"LVA","HEALTHEXP","TOT","USD_CAP","A","2008",1118.349,
"LVA","HEALTHEXP","TOT","USD_CAP","A","2009",1009.243,
"LVA","HEALTHEXP","TOT","USD_CAP","A","2010",1075.704,
"LVA","HEALTHEXP","TOT","USD_CAP","A","2011",1077.556,
"LVA","HEALTHEXP","TOT","USD_CAP","A","2012",1156.181,
"LVA","HEALTHEXP","TOT","USD_CAP","A","2013",1229.691,
"LVA","HEALTHEXP","TOT","USD_CAP","A","2014",1286.479,
"LVA","HEALTHEXP","TOT","USD_CAP","A","2015",1405.018,
"LVA","HEALTHEXP","TOT","USD_CAP","A","2016",1613.746,
"LVA","HEALTHEXP","TOT","USD_CAP","A","2017",1679.834,
"LVA","HEALTHEXP","TOT","USD_CAP","A","2018",1856.485,
"LVA","HEALTHEXP","TOT","USD_CAP","A","2019",1972.572,"E"
"LTU","HEALTHEXP","TOT","USD_CAP","A","2000",573.967,"E"
"LTU","HEALTHEXP","TOT","USD_CAP","A","2001",605.93,"E"
"LTU","HEALTHEXP","TOT","USD_CAP","A","2002",711.866,"E"
"LTU","HEALTHEXP","TOT","USD_CAP","A","2003",816.457,"E"
"LTU","HEALTHEXP","TOT","USD_CAP","A","2004",789.375,"B"
"LTU","HEALTHEXP","TOT","USD_CAP","A","2005",885.726,
"LTU","HEALTHEXP","TOT","USD_CAP","A","2006",1010.275,"B"
"LTU","HEALTHEXP","TOT","USD_CAP","A","2007",1158.619,
"LTU","HEALTHEXP","TOT","USD_CAP","A","2008",1347.21,
"LTU","HEALTHEXP","TOT","USD_CAP","A","2009",1326.346,
"LTU","HEALTHEXP","TOT","USD_CAP","A","2010",1371.117,
"LTU","HEALTHEXP","TOT","USD_CAP","A","2011",1484.753,
"LTU","HEALTHEXP","TOT","USD_CAP","A","2012",1567.989,
"LTU","HEALTHEXP","TOT","USD_CAP","A","2013",1662.577,
"LTU","HEALTHEXP","TOT","USD_CAP","A","2014",1781.682,
"LTU","HEALTHEXP","TOT","USD_CAP","A","2015",1917.581,
"LTU","HEALTHEXP","TOT","USD_CAP","A","2016",2097.717,
"LTU","HEALTHEXP","TOT","USD_CAP","A","2017",2235.942,
"LTU","HEALTHEXP","TOT","USD_CAP","A","2018",2385.085,
"LTU","HEALTHEXP","TOT","USD_CAP","A","2019",2638.133,"P"
